variant,cls,acc,dice,iou,prec,rec
single_noTTA,normal,1.0,1.0,1.0,1.0,1.0
single_noTTA,benign,0.9833374023436,0.9370242214527468,0.8815104166657101,0.9364841498548282,0.9375649163289814
single_noTTA,benign,0.9953460693357856,0.9108447822247564,0.8362855609187532,0.9164705882299031,0.9052876234694638
single_noTTA,benign,0.9852600097654747,0.956234142804931,0.9161385536931016,0.9306817179637263,0.9832292928342651
single_noTTA,malignant,0.9479064941404804,0.8802777388129891,0.7861572189158871,0.8452421038448075,0.91834345503701
single_noTTA,normal,0.9685668945311022,0.0,0.0,0.0,0.0
single_noTTA,benign,0.9987030029295352,0.8635634028753842,0.7598870056282517,0.9711191335389487,0.7774566473763741
single_noTTA,benign,0.996520996093598,0.9792274052469212,0.9593002499090337,0.9649847369348806,0.9938968004420309
single_noTTA,benign,0.9965972900389105,0.8900936421838833,0.8019538188205866,0.9223697650569728,0.8599999999918096
single_noTTA,malignant,0.9362335205076697,0.9047043531797359,0.8259910059956587,0.9848086183781041,0.8366512020241094
single_noTTA,benign,0.9989776611326601,0.9126466753466408,0.839328537150136,0.8413461538259291,0.9971509971225883
single_noTTA,benign,0.9597167968748536,0.0,0.0,0.0,0.0
single_noTTA,benign,0.9826660156248501,0.902254345206589,0.8219156607605864,0.8269716088315032,0.9926164331673748
single_noTTA,benign,0.9145202636717354,0.7216535824303281,0.5645211442781681,0.7781825975130966,0.6727811747260767
single_noTTA,benign,0.9903411865232864,0.9153856436293071,0.8439733793422628,0.848364717540019,0.9939042089956636
single_noTTA,benign,0.9955749511717231,0.8921933085468692,0.8053691275113735,0.9146341463344921,0.8708272859153061
single_noTTA,benign,0.8758087158201789,0.7954768186956163,0.660408061083715,0.9446168536637952,0.6870089847646655
single_noTTA,malignant,0.9418029785154813,0.9186364024232191,0.849516669954291,0.970433136520949,0.8720887844785645
single_noTTA,malignant,0.9844665527342248,0.8687467766878949,0.7679507636180353,0.8116116598390469,0.934535367542484
single_noTTA,benign,0.9969787597654729,0.9354207436368708,0.8786764705828513,0.9761742682030213,0.8979336255422797
single_noTTA,benign,0.9474487304686054,0.9390097046112951,0.8850313793560939,0.9372503270050068,0.9407756999393418
single_noTTA,benign,0.9270324707029836,0.7929690882324041,0.6569583931128716,0.6752691343454688,0.9603607382540263
single_noTTA,benign,0.9010314941404876,0.21381818181792261,0.11970684039071701,0.637744034702547,0.12844036697229003
single_noTTA,benign,0.9980773925779728,0.9140518417400133,0.8417085427029936,0.9911242603403679,0.8481012658120494
single_noTTA,benign,0.9642486572264154,0.8654608096463592,0.7628302459755412,0.7802857734512525,0.9715096042271865
single_noTTA,benign,0.9964752197264105,0.8396946564827226,0.7236842105176593,0.7387057386967191,0.9726688102737513
single_noTTA,benign,0.9816284179686002,0.8838286375908105,0.7918395573983543,0.8165448386507104,0.9631966351188997
single_noTTA,benign,0.9958190917967231,0.9336561743318798,0.8755676657544252,0.9260326608985302,0.9414062499954033
single_noTTA,benign,0.9994659423826601,0.9122807017315218,0.8387096773807046,0.8387096773807046,0.999999999945055
single_noTTA,malignant,0.5924987792967846,0.14818831334519386,0.08002342485098349,0.13496397861948933,0.1642857142855981
single_noTTA,malignant,0.9108276367186111,0.0,0.0,0.0,0.0
single_noTTA,benign,0.9976959228514103,0.9348857266022644,0.8777327935151601,0.8988391376376548,0.9739442946902611
single_noTTA,benign,0.9753417968748512,0.7811484290346951,0.6408888888874648,0.653968253966771,0.969737726963787
single_noTTA,normal,1.0,1.0,1.0,1.0,1.0
single_noTTA,benign,0.9943695068357858,0.9794257039303153,0.9596809440548953,0.9801361455183794,0.9787162915077126
single_noTTA,malignant,0.9153442382811103,0.6988710377764334,0.5371266477552669,0.8456587416250549,0.5955045786693224
single_noTTA,benign,0.9840393066404749,0.9431830526882438,0.8924753289464509,0.924994672916125,0.962101063828721
single_noTTA,benign,0.9928741455076611,0.9735485698097006,0.9484604348295458,0.9799315849475713,0.9672481710737565
single_noTTA,normal,1.0,1.0,1.0,1.0,1.0
single_noTTA,malignant,0.9929809570310986,0.8851148851126746,0.7939068100322854,0.8218923933171527,0.9588744588692703
single_noTTA,benign,0.9992370605467226,0.9140893470633318,0.8417721518720958,0.8608414239203611,0.9743589743232836
single_noTTA,malignant,0.9494934082029801,0.885395748216576,0.7943588469179955,0.8493423674765183,0.92464564651365
single_noTTA,normal,0.9944763183592233,0.0,0.0,0.0,0.0
single_noTTA,benign,0.9985961914060977,0.8516129032120707,0.7415730336870344,0.907216494814185,0.8024316109178592
single_noTTA,benign,0.9904632568357864,0.9681528662415448,0.9382716049373448,0.9426473506638791,0.9950769875343091
single_noTTA,benign,0.9921264648435987,0.9334537013142463,0.8752116082203744,0.9858349223617929,0.8863580700443636
single_noTTA,malignant,0.9751129150389137,0.81425805716796,0.6867076450236521,0.7313829787219079,0.9183149242206055
single_noTTA,malignant,0.9318389892576704,0.9080656115579848,0.8316118817849699,0.9789226127081208,0.8467738840053557
single_noTTA,benign,0.9951477050779732,0.9411111111093683,0.8887722980031872,0.9632297194808066,0.9199855177374368
single_noTTA,malignant,0.9780120849607883,0.9341377576667425,0.876415094338871,0.9389874115584498,0.9293379410686345
single_noTTA,normal,0.9791412353514132,0.0,0.0,0.0,0.0
single_noTTA,benign,0.9917907714842237,0.9450347364109674,0.8957970172363049,0.903496776712437,0.9905761404990564
single_noTTA,benign,0.9974822998045353,0.8957675300006586,0.8112128146360273,0.947860962554173,0.8491017963970168
single_noTTA,malignant,0.9841156005857874,0.9601683566095427,0.9233882837791261,0.9407662892697451,0.9803875605555709
single_noTTA,benign,0.6938018798827067,0.43096554657580294,0.2746692691389161,0.27595598649080294,0.9833074534148767
single_noTTA,malignant,0.9644012451170404,0.8597029286181612,0.7539289104516886,0.7549640895640526,0.998184611086443
single_noTTA,benign,0.9169006347654851,0.0,0.0,0.0,0.0
single_noTTA,normal,0.9554290771482917,0.0,0.0,0.0,0.0
single_noTTA,benign,0.9868469238279745,0.9317173637508461,0.8721637253435086,0.8868948876475843,0.9813115301168341
single_noTTA,benign,0.9403533935545441,0.8989217283373675,0.8164012963220063,0.971495640509182,0.8364371300703352
single_noTTA,benign,0.9991912841795351,0.9587548638057686,0.9207772795079107,0.958009331244821,0.9595015576174533
single_noTTA,malignant,0.9015960693357999,0.0,0.0,0.0,0.0
single_noTTA,benign,0.8993225097654878,0.6809169165293157,0.5162047220996361,0.5178755333231441,0.9937888198743735
single_noTTA,benign,0.6924591064452069,0.0005950314870825631,0.0002976042855015636,0.9999999983333333,0.0002976042855015636
single_noTTA,benign,0.9364471435545446,0.9168911503540025,0.8465364775236379,0.9641613160430718,0.8740394126147477
single_noTTA,normal,1.0,1.0,1.0,1.0,1.0
single_noTTA,benign,0.9983215332029727,0.9606017191942672,0.9241902136393922,0.9524147727205085,0.9689306358311495
single_noTTA,malignant,0.9455261230467308,0.8841435711037566,0.7923452768725032,0.8104956268216752,0.9725137431277414
single_noTTA,malignant,0.9453277587889183,0.9094310052827509,0.8339050621171732,0.9639374129241431,0.8607588879846592
single_noTTA,benign,0.9970703124998479,0.9319148936137166,0.8725099601535691,0.8884381338682324,0.9798657718047736
single_noTTA,malignant,0.9680938720701648,0.9231899496745681,0.8573377908160896,0.9578473969045217,0.8909529211564868
single_noTTA,benign,0.9950103759764107,0.7880751782191311,0.6502673796721896,0.703703703695559,0.8954344624315842
single_noTTA,malignant,0.947372436523293,0.8684140246458096,0.7674308833440543,0.7973238055199682,0.9534221328634049
single_noTTA,normal,0.9666442871092276,0.0,0.0,0.0,0.0
single_noTTA,benign,0.9916687011717237,0.9305520223849777,0.8701236917200996,0.8992133726624897,0.964153927251017
single_noTTA,benign,0.9819335937498502,0.885537509666584,0.7945870922956374,0.8143669985760769,0.9703389830487916
single_noTTA,benign,0.9978332519529728,0.9214601769860539,0.8543589743502117,0.9286510590754888,0.9143798024048916
single_noTTA,malignant,0.9865264892576621,0.7329906259427488,0.57852028639342,0.9031296572212882,0.6167938931266321
single_noTTA,normal,1.0,1.0,1.0,1.0,1.0
single_noTTA,benign,0.9994659423826601,0.9419568822397685,0.8902821316335334,0.9250814331946228,0.9594594594270452
single_noTTA,malignant,0.956878662109229,0.9170287727536944,0.846771132678606,0.9780185370735358,0.8631992040676193
single_noTTA,normal,1.0,1.0,1.0,1.0,1.0
single_noTTA,normal,1.0,1.0,1.0,1.0,1.0
single_noTTA,benign,0.9990081787107851,0.9472830494651479,0.8998459167812042,0.9255150554528444,0.9700996677579717
single_noTTA,normal,0.9855499267576622,0.0,0.0,0.0,0.0
single_noTTA,benign,0.9986267089842227,0.9234693877472495,0.8578199051997185,0.9034941763576789,0.944347826070533
single_noTTA,malignant,0.9181976318357974,0.8252322738383617,0.7024642024638126,0.8355006931145056,0.8152131907762364
single_noTTA,benign,0.9792022705076632,0.8882695302886398,0.7989971980522061,0.9115074024210775,0.8661870503583274
single_noTTA,normal,1.0,1.0,1.0,1.0,1.0
single_noTTA,normal,0.9448699951170434,0.0,0.0,0.0,0.0
single_noTTA,malignant,0.9224700927732968,0.8058834765995011,0.6748784233422863,0.8709331131289256,0.7498755776745468
single_noTTA,malignant,0.9919891357420362,0.9133520382886394,0.8405224787337773,0.9183538001960891,0.908404464868981
single_noTTA,benign,0.9967651367185979,0.9249291784669798,0.8603425559890624,0.9315263908635413,0.9184247538613333
single_noTTA,malignant,0.8784637451170535,0.0,0.0,0.0,0.0
single_noTTA,normal,0.9677886962889148,0.0,0.0,0.0,0.0
single_noTTA,normal,1.0,1.0,1.0,1.0,1.0
single_noTTA,benign,0.9335479736326701,0.9248191689538687,0.8601522109113836,0.9391676308681536,0.910902536896922
single_noTTA,benign,0.9987792968748477,0.9593908629392924,0.9219512195032006,0.9732234809374539,0.945945945936477
single_noTTA,malignant,0.9636993408201655,0.8744127118192079,0.7768502016689083,0.8404708747708133,0.9112113543834182
single_noTTA,benign,0.9978942871092228,0.9162621359167703,0.8454647256344293,0.9544879898741531,0.8809801633502803
single_noTTA,benign,0.9923095703123487,0.9648780487798153,0.9321394910449278,0.9768590376732371,0.9531873881303137
single_noTTA,benign,0.9565429687498541,0.903188524032598,0.8234674270124444,0.9711967249060813,0.8440815807860448
single_noTTA,benign,0.9603576660154785,0.0,0.0,0.0,0.0
single_noTTA,malignant,0.9782562255857883,0.9499947362876969,0.9047523561253227,0.9740932642480036,0.9270597904246783
single_noTTA,benign,0.9952850341795356,0.9570773718558729,0.9176877996778965,0.9535012454997136,0.960680423867929
single_noTTA,benign,0.9433593749998561,0.631233856546164,0.4611699811286672,0.5952782462046182,0.6718122224557584
single_noTTA,normal,1.0,1.0,1.0,1.0,1.0
single_noTTA,benign,0.9913330078123488,0.9577757954200432,0.9189728958617418,0.9425018288208595,0.9735529696222253
single_noTTA,normal,1.0,1.0,1.0,1.0,1.0
single_noTTA,malignant,0.8902282714842392,0.5788549350189797,0.40731586752314436,0.703071672353949,0.49194029850697313
single_noTTA,normal,0.9697113037107896,0.0,0.0,0.0,0.0
single_noTTA,benign,0.9928131103514111,0.8980740099526119,0.8150039277265712,0.829005193764167,0.979697828135129
single_noTTA,benign,0.9991607666014101,0.9259757738771739,0.8621553884495701,0.9124668434771229,0.9398907103568336
single_noTTA,benign,0.7234954833983271,0.1986467960906564,0.11027642755432303,0.9614726027356102,0.11076589239033842
single_noTTA,normal,1.0,1.0,1.0,1.0,1.0
single_noTTA,malignant,0.8091430664061265,0.46815205374586777,0.3056126131125822,0.3495238095235876,0.7086766220382226
single_noTTA,malignant,0.9350585937498573,0.8995657919574996,0.8174644021269439,0.9439381933434311,0.8591777857911742
single_noTTA,benign,0.7564849853514471,0.4784810953888832,0.314475945017047,0.9822890111351371,0.31626922412289776
single_noTTA,benign,0.993179321288911,0.7547997805773188,0.6061674008757166,0.7695749440629801,0.7405812701750206
single_noTTA,malignant,0.9078369140623616,0.7300196674411183,0.5748275376597389,0.5787384833447351,0.9883805373989488
single_noTTA,benign,0.9930267333982861,0.9357333708326034,0.8792283298074016,0.9478632478605474,0.9239100249904918
single_noTTA,malignant,0.8310546874998732,0.5464154035229224,0.3759089115605795,0.38305571510604075,0.9527142857129247
single_noTTA,benign,0.9591979980467287,0.724500309086416,0.5680129240701648,0.9080578512373243,0.6026739801155251
single_noTTA,benign,0.9709777832029769,0.7611152976629476,0.6143552311423067,0.7433758586831615,0.7797220792568715
single_noTTA,benign,0.9960784912107855,0.8808530366208583,0.787075393531176,0.9021842355090012,0.8605072463690172
single_noTTA,malignant,0.9198303222654847,0.7852881078868879,0.6464809581478627,0.9531746031736575,0.667685892980773
single_noTTA,benign,0.8938751220701762,0.8407555809958007,0.72526170254761,0.9327846364878662,0.7652550850280238
single_noTTA,benign,0.6751556396483345,0.2584555365912228,0.14840593623739012,0.1559478772592871,0.7542183370588449
single_noTTA,malignant,0.9630432128904781,0.8609484441377535,0.7558467741927863,0.7650239771444086,0.9843770513312533
single_noTTA,normal,0.9973602294920354,0.0,0.0,0.0,0.0
single_noTTA,benign,0.9982299804685977,0.9080824088676064,0.8316400580430822,0.9124203821510761,0.9037854889447352
single_noTTA,malignant,0.9962921142576605,0.9093621782882904,0.8337893296796595,0.8871906841274586,0.9326702371772558
single_noTTA,benign,0.9978637695310978,0.8982558139469604,0.8153034300683997,0.8655462184752725,0.9335347431883152
single_noTTA,malignant,0.987106323242037,0.8815365203969135,0.7881674605144443,0.8478964401271631,0.9179562043768819
single_noTTA,benign,0.9709014892576644,0.6797649034413438,0.5148817094873699,0.515012722645,0.9995061728345704
single_noTTA,benign,0.9906463623045364,0.9243863327976756,0.8594036697227996,0.9570881226029193,0.893845419845196
single_noTTA,normal,0.9960479736326605,0.0,0.0,0.0,0.0
single_noTTA,benign,0.9946136474607857,0.945617008163695,0.8968439509032822,0.946345975945278,0.9448891625586673
single_noTTA,normal,1.0,1.0,1.0,1.0,1.0
single_noTTA,malignant,0.9617156982420408,0.809996213554858,0.6806669212158831,0.7429841622662643,0.8902946562329112
single_noTTA,benign,0.9970703124998479,0.9658969804600961,0.9340432840916042,0.9679601281560415,0.9638426090004827
single_noTTA,malignant,0.8870086669920522,0.21415685025977482,0.11991918231504643,0.12073710661706265,0.946529080666543
single_noTTA,normal,1.0,1.0,1.0,1.0,1.0
single_noTTA,benign,0.9899749755857865,0.8047548291209369,0.6732968672268856,0.9912152269327145,0.677338669331279
single_noTTA,malignant,0.9941253662107858,0.973501273314768,0.9483706584404609,0.9580059604430263,0.989506086468463
single_noTTA,normal,1.0,1.0,1.0,1.0,1.0
single_noTTA,malignant,0.9469909667967306,0.8607168631220989,0.7554898648643331,0.8246139663510604,0.9001257861627672
single_noTTA,benign,0.9927978515623486,0.5724637681107567,0.40101522842130694,0.7198177676373617,0.4751879699176663
single_noTTA,benign,0.9950256347654732,0.9668699186982043,0.9358646468602482,0.9493115146658365,0.9850900807600226
single_noTTA,benign,0.8130645751951885,0.0,0.0,0.0,0.0
single_noTTA,malignant,0.9041137695311121,0.6945065629554231,0.5319877858043256,0.5516682113063395,0.9371556022029164
single_noTTA,normal,1.0,1.0,1.0,1.0,1.0
single_noTTA,benign,0.9925231933592236,0.951282561144411,0.90709139173131,0.9432176656132824,0.9594865623727247
single_noTTA,malignant,0.8773345947264287,0.7305874861755653,0.5755319710646942,0.5766280484576116,0.9967081199698273
single_noTTA,benign,0.9965667724607855,0.9589191163027955,0.921080322690561,0.9813153961099353,0.9375223134561317
single_noTTA,benign,0.9976654052732853,0.9476923076890678,0.9005847953157857,0.9538885065316319,0.9415760869501252
ensemble_noTTA,normal,1.0,1.0,1.0,1.0,1.0
ensemble_noTTA,benign,0.9864044189451621,0.950181716521694,0.9050916063049583,0.9215835140987835,0.9806116560865774
ensemble_noTTA,benign,0.9959564208982856,0.9228529839856686,0.8567567567521257,0.924737456237312,0.9209761766361362
ensemble_noTTA,benign,0.986679077148287,0.9600475950753008,0.9231649357499355,0.9434250764517508,0.9772663747312239
ensemble_noTTA,malignant,0.9380798339842319,0.8496925698196719,0.7386656362694882,0.860400570099122,0.8392478232232097
ensemble_noTTA,normal,1.0,1.0,1.0,1.0,1.0
ensemble_noTTA,benign,0.9947204589842232,0.0,0.0,0.0,0.0
ensemble_noTTA,benign,0.9950256347654732,0.9707150556944207,0.9430965264427595,0.9437554585136354,0.9992602182337724
ensemble_noTTA,benign,0.9966583251951605,0.8961593172076996,0.8118556700961181,0.8923512747791091,0.8999999999914287
ensemble_noTTA,malignant,0.9161682128904852,0.8706929015249316,0.7709974573795294,0.985035680050599,0.7801349641498185
ensemble_noTTA,benign,0.9988708496092227,0.9043927648461965,0.8254716980937389,0.8274231678291389,0.9971509971225883
ensemble_noTTA,benign,0.9967803955076604,0.9602711353775932,0.9235784136149092,0.9546986147474553,0.9659090909054322
ensemble_noTTA,benign,0.9852905273435997,0.9160132427244153,0.8450409901931442,0.8484506132975331,0.9952669443373812
ensemble_noTTA,benign,0.8207855224608123,0.31575881153491653,0.18747838118285196,0.42536493486042165,0.25106540670719746
ensemble_noTTA,benign,0.9896697998045365,0.9103667416908376,0.8354799513952965,0.8369036027243503,0.997968069663286
ensemble_noTTA,benign,0.996246337890473,0.9082089552204918,0.8318523581624617,0.934715821805417,0.8831640057991063
ensemble_noTTA,benign,0.8910369873045516,0.8275079108189021,0.7057684384010277,0.9329520697162674,0.7434784495851627
ensemble_noTTA,malignant,0.9406585693357941,0.9174712985164533,0.8475260722963822,0.9635820629397506,0.8755721171368319
ensemble_noTTA,malignant,0.9866638183592245,0.8886056589333564,0.7995412844018359,0.8219759490666777,0.9669902912594536
ensemble_noTTA,benign,0.9971160888670354,0.939403655014622,0.8857315598495422,0.96254927726043,0.9173450219103486
ensemble_noTTA,benign,0.9292144775389207,0.9202441330695573,0.852270556015269,0.8925760405546649,0.9496824101341508
ensemble_noTTA,benign,0.980484008788913,0.9344472348926582,0.8769600769592333,0.9138847117785324,0.9559563758379236
ensemble_noTTA,benign,0.8954925537108009,0.005228758169927046,0.002621231979026327,0.9999999994444444,0.002621231979026327
ensemble_noTTA,benign,0.9983825683592227,0.9288590603964507,0.867167919788632,0.9885714285573061,0.8759493670775196
ensemble_noTTA,benign,0.9911346435545363,0.9627062070730068,0.928094059404792,0.9587062132434688,0.9667397189622705
ensemble_noTTA,benign,0.9949188232420357,0.7888395687965197,0.6513089005167402,0.6513089005167402,0.9999999999839229
ensemble_noTTA,benign,0.9860839843748496,0.9095776323607876,0.834151663937381,0.8604389420355273,0.9646687697140596
ensemble_noTTA,benign,0.9964752197264105,0.9449344457665199,0.8956168097564591,0.923148579408835,0.9677734374952746
ensemble_noTTA,benign,0.9994201660154726,0.9054726367933962,0.8272727272351239,0.8272727272351239,0.999999999945055
ensemble_noTTA,malignant,0.842269897460809,0.4688896881259472,0.3062416107380495,0.857223370278307,0.32270155586964444
ensemble_noTTA,malignant,0.9108276367186111,0.0,0.0,0.0,0.0
ensemble_noTTA,benign,0.9933166503904735,0.8344671201782522,0.7159533073883532,0.7201565557682965,0.9919137466218158
ensemble_noTTA,benign,0.9874877929685993,0.8698412698398892,0.7696629213461527,0.8238123872494775,0.9213180901112262
ensemble_noTTA,normal,1.0,1.0,1.0,1.0,1.0
ensemble_noTTA,benign,0.9945831298826607,0.980245951810706,0.9612572301637441,0.9789929976648004,0.9815021172264524
ensemble_noTTA,malignant,0.9147033691404854,0.6762048192767167,0.5108077360632617,0.904540523785984,0.5399130515210989
ensemble_noTTA,benign,0.980239868163913,0.9303276483558776,0.8697314153496933,0.9041095890401504,0.9581117021265978
ensemble_noTTA,benign,0.9935913085935985,0.9762255179435207,0.953555236093162,0.9820066051691355,0.9705120990422391
ensemble_noTTA,normal,1.0,1.0,1.0,1.0,1.0
ensemble_noTTA,malignant,0.9923095703123487,0.8797709923643136,0.7853492333867745,0.7866894197918657,0.9978354978300984
ensemble_noTTA,benign,0.9992523193357851,0.9165247018583216,0.8459119496589336,0.8566878980618889,0.9853479853118919
ensemble_noTTA,malignant,0.9591064453123537,0.9028069920936742,0.8228333443506162,0.9054997817540335,0.9001301706675584
ensemble_noTTA,normal,1.0,1.0,1.0,1.0,1.0
ensemble_noTTA,benign,0.9986572265623477,0.8589743589605934,0.7528089887428986,0.9084745762403906,0.8145896656287358
ensemble_noTTA,benign,0.9888458251951616,0.9629817187415997,0.9286063092089768,0.9321568627441841,0.995914947102759
ensemble_noTTA,benign,0.9940490722654733,0.9505703422041184,0.9057971014470875,0.9850275807696742,0.9184423218199401
ensemble_noTTA,malignant,0.976440429687351,0.8282153983079347,0.7067983289010505,0.7305201177610785,0.9560750064193269
ensemble_noTTA,malignant,0.9183807373045474,0.8878686875037445,0.798348789866245,0.9781524249418114,0.8128430507040214
ensemble_noTTA,benign,0.9954528808592231,0.9448148148130652,0.8954018953987526,0.9670204700494048,0.9236060825455337
ensemble_noTTA,malignant,0.980392456054538,0.9401072011181821,0.8869832893571794,0.9642413232613402,0.9171516915233565
ensemble_noTTA,normal,1.0,1.0,1.0,1.0,1.0
ensemble_noTTA,benign,0.9918060302732862,0.9452766737990977,0.8962318840562392,0.9016329704492582,0.9933604626237024
ensemble_noTTA,benign,0.9974365234373479,0.8949999999944063,0.8099547511220593,0.935947712406066,0.8574850299298504
ensemble_noTTA,malignant,0.9847564697264123,0.9613405053980258,0.9255588673614563,0.9523115847573776,0.9705422722292776
ensemble_noTTA,benign,0.8507080078123702,0.6114685092523979,0.44037064576992485,0.441102326114105,0.9962474120069924
ensemble_noTTA,malignant,0.9446411132811059,0.7971371057924417,0.662699888433746,0.664739345331843,0.9953917050677344
ensemble_noTTA,benign,0.9651031494139153,0.7956393530508483,0.66063214126627,0.7749347258472151,0.8174807197928434
ensemble_noTTA,normal,0.954238891601417,0.0,0.0,0.0,0.0
ensemble_noTTA,benign,0.990081787109224,0.9469474371523449,0.899240427839251,0.9268253714636095,0.9679626230586218
ensemble_noTTA,benign,0.9626770019529781,0.9390632785249281,0.8851265674161062,0.973552352910288,0.9069342187570825
ensemble_noTTA,benign,0.9992370605467226,0.961597542235318,0.9260355029448811,0.9484848484704775,0.9750778816047495
ensemble_noTTA,malignant,0.9015960693357999,0.0,0.0,0.0,0.0
ensemble_noTTA,benign,0.8998565673826753,0.6820714043498125,0.5175328971546589,0.5192123312924852,0.9937888198743735
ensemble_noTTA,benign,0.6923675537108319,0.0,0.0,0.0,0.0
ensemble_noTTA,benign,0.9472351074217304,0.9324213406290928,0.8733982573036269,0.958688313775535,0.9075553526588649
ensemble_noTTA,normal,1.0,1.0,1.0,1.0,1.0
ensemble_noTTA,benign,0.9968109130857854,0.929224517436745,0.8678051865852764,0.8744423199434389,0.9913294797616234
ensemble_noTTA,malignant,0.9600677490232911,0.9131343977160311,0.8401539213285852,0.8532878411905376,0.9820089955015477
ensemble_noTTA,malignant,0.9253387451170464,0.8715849145734269,0.7723974323189262,0.9651825156934636,0.7945356237136731
ensemble_noTTA,benign,0.9949798583982857,0.8903698767047972,0.8024024023975832,0.8048192771035855,0.9962714392170301
ensemble_noTTA,malignant,0.9705505371092269,0.93049052798353,0.8700161637925174,0.9455423803242968,0.9159103800333834
ensemble_noTTA,benign,0.9981994628904727,0.9147398843864543,0.8428761651019591,0.8978723404127962,0.9322533136828829
ensemble_noTTA,malignant,0.956878662109229,0.8892980256969252,0.8006630457778087,0.8351850489288241,0.95090893859349
ensemble_noTTA,normal,0.9812774658201628,0.0,0.0,0.0,0.0
ensemble_noTTA,benign,0.9924468994139111,0.9365303243993633,0.8806366047724122,0.9118601747792463,0.9625724828651487
ensemble_noTTA,benign,0.9941558837889108,0.9600417318717162,0.9231540930960611,0.9457348406969256,0.9747881355911552
ensemble_noTTA,benign,0.9980773925779728,0.9315217391253722,0.8718209562474891,0.922497308924408,0.9407244785846243
ensemble_noTTA,malignant,0.987167358398287,0.75096239265398,0.6012328117562767,0.898016997160779,0.645292620861856
ensemble_noTTA,normal,1.0,1.0,1.0,1.0,1.0
ensemble_noTTA,benign,0.9991760253904726,0.9161490683087554,0.8452722062795051,0.8477011494009281,0.996621621587952
ensemble_noTTA,malignant,0.9330139160154827,0.865905064450832,0.7635207929321464,0.9677727707217207,0.7834401945606989
ensemble_noTTA,normal,1.0,1.0,1.0,1.0,1.0
ensemble_noTTA,normal,1.0,1.0,1.0,1.0,1.0
ensemble_noTTA,benign,0.9988250732420352,0.9388403494762603,0.8847305389089112,0.8995433789817421,0.9817275747345228
ensemble_noTTA,normal,1.0,1.0,1.0,1.0,1.0
ensemble_noTTA,benign,0.9986419677732852,0.9246401354705789,0.8598425196714985,0.9009900989950331,0.9495652173747902
ensemble_noTTA,malignant,0.957183837890479,0.908144559381659,0.8317443185220172,0.9233790440680845,0.8934046116186439
ensemble_noTTA,benign,0.9837036132810999,0.9183611068636918,0.8490459363945597,0.8798886773093894,0.9603517186235646
ensemble_noTTA,normal,1.0,1.0,1.0,1.0,1.0
ensemble_noTTA,normal,1.0,1.0,1.0,1.0,1.0
ensemble_noTTA,malignant,0.9168395996092351,0.7643956423998078,0.6186411027915341,0.9750744457913586,0.628581585495465
ensemble_noTTA,malignant,0.9932556152342235,0.9272308198865209,0.8643339472042224,0.9299867899572987,0.9244911359129203
ensemble_noTTA,benign,0.9973297119139104,0.9388325760190883,0.8847167325369913,0.9332870048580036,0.9444444444378028
ensemble_noTTA,malignant,0.9201049804686097,0.5103796521409104,0.34262397991168536,0.9999999999963357,0.34262397991168536
ensemble_noTTA,normal,0.9681091308592273,0.0,0.0,0.0,0.0
ensemble_noTTA,normal,1.0,1.0,1.0,1.0,1.0
ensemble_noTTA,benign,0.9411621093748564,0.93596173647309,0.8796316528793883,0.9146650220718922,0.9582738216687212
ensemble_noTTA,benign,0.9987182617185977,0.9584980237106794,0.9203036053043615,0.9463414634054016,0.9709709709612515
ensemble_noTTA,malignant,0.9452819824217308,0.79494510521455,0.6596754294384932,0.8275985236327805,0.764770601825542
ensemble_noTTA,benign,0.9974670410154728,0.9034883720877704,0.8239660657388763,0.9003476245550365,0.906651108507507
ensemble_noTTA,benign,0.9942932128904733,0.9744849229083268,0.9502394890886772,0.9657876943867941,0.9833402175396071
ensemble_noTTA,benign,0.8936309814451762,0.7231862764560524,0.5663992038312082,0.9642100804733542,0.578562805768741
ensemble_noTTA,benign,0.9603576660154785,0.0,0.0,0.0,0.0
ensemble_noTTA,malignant,0.9803771972654755,0.9548486763566622,0.9135984950276044,0.9796124198537716,0.931306074925737
ensemble_noTTA,benign,0.9957580566404731,0.9611948632035717,0.9252889008306228,0.9622694242566734,0.9601226993838257
ensemble_noTTA,benign,0.9687042236326647,0.7973520403114343,0.6629970423912865,0.7483308605327368,0.853245929370156
ensemble_noTTA,normal,1.0,1.0,1.0,1.0,1.0
ensemble_noTTA,benign,0.9915008544920363,0.9591911495340616,0.9215824299578748,0.9308873720123281,0.989270061960119
ensemble_noTTA,normal,1.0,1.0,1.0,1.0,1.0
ensemble_noTTA,malignant,0.8451995849608086,0.06368251038295922,0.03288846520492575,0.439490445854274,0.034328358208921064
ensemble_noTTA,normal,0.9746246337889138,0.0,0.0,0.0,0.0
ensemble_noTTA,benign,0.9950714111326607,0.9262051633517793,0.8625531914856913,0.8972996901244034,0.9570349386168223
ensemble_noTTA,benign,0.9990844726560976,0.9218749999879964,0.855072463747462,0.8805970149034678,0.9672131147276718
ensemble_noTTA,benign,0.7039794921873926,0.08291576061261088,0.04325097400994069,0.9999999999885975,0.04325097400994069
ensemble_noTTA,normal,1.0,1.0,1.0,1.0,1.0
ensemble_noTTA,malignant,0.9032592773436122,0.6694473409798386,0.5031347962378502,0.5625657202939339,0.8264675592162378
ensemble_noTTA,malignant,0.9402618408201691,0.908717853062345,0.8327066062726123,0.9411736295576232,0.8784258925347644
ensemble_noTTA,benign,0.779876708984256,0.5478593368016837,0.3772770439435477,0.9979447362400113,0.37757041645050216
ensemble_noTTA,benign,0.9897308349607865,0.4882129277529414,0.32293762575127827,0.8316062175950361,0.34553283099735704
ensemble_noTTA,malignant,0.9831085205076625,0.9339222825756975,0.8760358342655363,0.9213284654329038,0.9468651658182681
ensemble_noTTA,benign,0.993423461913911,0.940543523243288,0.8877604166643548,0.9344846491202454,0.946681477364769
ensemble_noTTA,malignant,0.8166809082030004,0.5297111093711228,0.36027689030864735,0.36482260325657023,0.9665714285700477
ensemble_noTTA,benign,0.9595336914061037,0.726879505663515,0.5709432130713947,0.9104747161999214,0.6049022968793197
ensemble_noTTA,benign,0.9830932617186,0.8388129182414332,0.7223753445233717,0.9648594377477749,0.7418939783820332
ensemble_noTTA,benign,0.9960174560545355,0.8787738039903448,0.7837613918742026,0.9018112487997921,0.856884057963253
ensemble_noTTA,malignant,0.9252624511717339,0.8038131859325467,0.6719796410389285,0.948751891073233,0.6972897845721353
ensemble_noTTA,benign,0.9261932373045462,0.8912862697500975,0.8038921548750034,0.9671723330564522,0.8264421473821163
ensemble_noTTA,benign,0.8515167236326826,0.47668728152703593,0.31292805196617035,0.324071365896224,0.9009961374244745
ensemble_noTTA,malignant,0.9602508544920411,0.8531153087111062,0.743854473942238,0.7476774066013563,0.9931731652868673
ensemble_noTTA,normal,1.0,1.0,1.0,1.0,1.0
ensemble_noTTA,benign,0.9981079101560978,0.9023622047173043,0.8220946915233559,0.9009433962122493,0.9037854889447352
ensemble_noTTA,malignant,0.996032714843598,0.9048316251797042,0.826203208550627,0.8673684210465449,0.9456771231756261
ensemble_noTTA,benign,0.9978485107420353,0.9017421602724618,0.8210659898372961,0.8369987063281112,0.9773413897133332
ensemble_noTTA,malignant,0.9782104492186008,0.8218562874241244,0.6975857687405812,0.7174907427560063,0.9617518248147102
ensemble_noTTA,benign,0.986831665038912,0.824272042352221,0.7010737790069239,0.7013167013142713,0.9995061728345704
ensemble_noTTA,benign,0.9912109374998488,0.9304851556831637,0.8700067704787406,0.9416218856840703,0.9196087786237604
ensemble_noTTA,normal,1.0,1.0,1.0,1.0,1.0
ensemble_noTTA,benign,0.9943847656248483,0.9448936807413224,0.8955435708177816,0.9198250728836157,0.971366995070901
ensemble_noTTA,normal,1.0,1.0,1.0,1.0,1.0
ensemble_noTTA,malignant,0.9703826904295395,0.808106772119814,0.6780026542789018,0.9948880233666142,0.6803728982842011
ensemble_noTTA,benign,0.9967498779295354,0.9632568569933357,0.929118136436176,0.9381720430076003,0.9897199574583846
ensemble_noTTA,malignant,0.8062286376951895,0.14375294990213489,0.07744278968392485,0.07744278968392485,0.9999999999906193
ensemble_noTTA,normal,1.0,1.0,1.0,1.0,1.0
ensemble_noTTA,benign,0.9954986572264106,0.9222251515926121,0.855675146766851,0.9749163879544319,0.8749374687299903
ensemble_noTTA,malignant,0.9925994873045361,0.9669415854400061,0.9359989443112484,0.9427166400838082,0.9924443822569016
ensemble_noTTA,normal,1.0,1.0,1.0,1.0,1.0
ensemble_noTTA,malignant,0.9694519042967271,0.9178969816269201,0.8482528613652328,0.8982261818758341,0.9384486373157748
ensemble_noTTA,benign,0.9927215576170361,0.5789938217071581,0.40745341614400676,0.7008547008397253,0.49323308269934985
ensemble_noTTA,benign,0.9942932128904733,0.9625475665922666,0.9277992277974367,0.931937172773062,0.9952371091302646
ensemble_noTTA,benign,0.9640045166014154,0.9071734938807274,0.8301166642655695,0.8624766180315282,0.9567563081001355
ensemble_noTTA,malignant,0.9261322021482962,0.7349575691208677,0.5809746386215,0.6306492530295681,0.8806087641027543
ensemble_noTTA,normal,1.0,1.0,1.0,1.0,1.0
ensemble_noTTA,benign,0.9890289306639116,0.9310972688060075,0.8710776403068476,0.8915397320592925,0.9743281187304967
ensemble_noTTA,malignant,0.8907165527342391,0.7525908525629568,0.6033231791744097,0.6047634910056602,0.9960680321863605
ensemble_noTTA,benign,0.9966888427732855,0.9605095541383795,0.9240196078399019,0.979584261317819,0.9421635130276967
ensemble_noTTA,benign,0.9982299804685977,0.9605710401055045,0.9241334205302543,0.9612244897893795,0.9599184782543484
ensemble_TTA,normal,1.0,1.0,1.0,1.0,1.0
ensemble_TTA,benign,0.9864501953123496,0.9503522307945038,0.9054010866081756,0.921700466325863,0.9808424697045806
ensemble_TTA,benign,0.9958496093748481,0.9211136890924562,0.8537634408556249,0.9195136074063723,0.9227193492102108
ensemble_TTA,benign,0.9875335693357868,0.9626650824836801,0.9280176211445568,0.9446636771291975,0.9813658809270647
ensemble_TTA,malignant,0.9393463134764192,0.8569577890529141,0.7497166603697584,0.8431525279699453,0.8712226531053843
ensemble_TTA,normal,1.0,1.0,1.0,1.0,1.0
ensemble_TTA,benign,0.9948272705076607,0.03966005665610028,0.020231213872247654,0.9999999985714286,0.020231213872247654
ensemble_TTA,benign,0.9954223632810981,0.9729778418294244,0.947377653041664,0.9483757682160696,0.9988903273515833
ensemble_TTA,benign,0.9967651367185979,0.8991436726883961,0.8167675021537013,0.8982889733754916,0.8999999999914287
ensemble_TTA,malignant,0.9201354980467347,0.877618780396353,0.7819257530932953,0.9847308217016556,0.791522564318519
ensemble_TTA,benign,0.9989624023435976,0.9114583333214654,0.8373205741426478,0.839328537150136,0.9971509971225883
ensemble_TTA,benign,0.996551513671723,0.9581171237936285,0.9196015652759887,0.9379535558746809,0.9791666666629577
ensemble_TTA,benign,0.9911193847654738,0.9473874525393713,0.9000343524546547,0.9065743944620994,0.9920484664880878
ensemble_TTA,benign,0.835342407226435,0.000555709919421547,0.00027793218454671303,0.9999999966666667,0.00027793218454671303
ensemble_TTA,benign,0.9888153076170366,0.9037678876186113,0.8244311377225763,0.8250239693172938,0.9991291727111782
ensemble_TTA,benign,0.9965057373045355,0.9146477823298,0.8427197802139924,0.9402298850502665,0.8904208998484004
ensemble_TTA,benign,0.9016571044920499,0.8496582612141992,0.7386137810760682,0.9184064548659009,0.7904856981636397
ensemble_TTA,malignant,0.9364929199217321,0.9099562978666199,0.8347888218478744,0.9766405052705258,0.8517963465507505
ensemble_TTA,malignant,0.9873352050779743,0.8922077922066335,0.8053927315338678,0.8388278388257905,0.9528432732289797
ensemble_TTA,benign,0.9969635009764104,0.9369255150524979,0.8813357185397654,0.9486521180940395,0.9254852849034096
ensemble_TTA,benign,0.9168853759764226,0.90703350343894,0.8298822574094038,0.8737915159484138,0.9429047940098141
ensemble_TTA,benign,0.9858245849607871,0.9512515086314995,0.9070349244462053,0.9520008402468731,0.9505033557037011
ensemble_TTA,benign,0.8952178955076759,0.0,0.0,0.0,0.0
ensemble_TTA,benign,0.9983978271482852,0.929482874406115,0.8682559598385413,0.9899856938341919,0.8759493670775196
ensemble_TTA,benign,0.9843597412107873,0.9361251324229225,0.8799203373935333,0.9060313630869649,0.9682867087779189
ensemble_TTA,benign,0.9957122802732856,0.8157377049126837,0.6888150609004561,0.6888150609004561,0.9999999999839229
ensemble_TTA,benign,0.9828948974607876,0.8908790032114369,0.8032297700530047,0.8292859731771851,0.9623554153502369
ensemble_TTA,benign,0.9963226318357855,0.9424408884620434,0.8911472448017563,0.9223936418844209,0.9633789062452961
ensemble_TTA,benign,0.996154785156098,0.5909090908994982,0.41935483870001483,0.41935483870001483,0.999999999945055
ensemble_TTA,malignant,0.8601989746092438,0.5514979439981635,0.38073673538331815,0.8958333333319087,0.3983734087691666
ensemble_TTA,malignant,0.9108276367186111,0.0,0.0,0.0,0.0
ensemble_TTA,benign,0.9934997558592235,0.8388804841118046,0.7224755700278667,0.7243631613277312,0.9964061096047044
ensemble_TTA,benign,0.9546203613279793,0.0,0.0,0.0,0.0
ensemble_TTA,normal,1.0,1.0,1.0,1.0,1.0
ensemble_TTA,benign,0.9947204589842232,0.980805503161555,0.9623339865001498,0.9765797613776219,0.9850679741464395
ensemble_TTA,malignant,0.9237213134764216,0.7190783928065642,0.5613758006488011,0.9160939289792153,0.5918046434181927
ensemble_TTA,benign,0.9816436767576627,0.9356650088235009,0.8791076273732498,0.9041860465106932,0.9694148936159469
ensemble_TTA,benign,0.9931945800779735,0.9748250169332948,0.9508864662471633,0.9778054580444141,0.9718626899257491
ensemble_TTA,normal,1.0,1.0,1.0,1.0,1.0
ensemble_TTA,malignant,0.9926300048826611,0.8837545126332521,0.7917205692074527,0.795838751622038,0.9935064935011174
ensemble_TTA,benign,0.9991760253904726,0.9087837837684327,0.8328173374355164,0.8432601880613397,0.9853479853118919
ensemble_TTA,malignant,0.9636383056639155,0.9114291023969852,0.8372712373662679,0.9376003670559473,0.8866792016192604
ensemble_TTA,normal,1.0,1.0,1.0,1.0,1.0
ensemble_TTA,benign,0.9988861083982852,0.8820678513589326,0.7890173410176584,0.9413793103123662,0.8297872340173317
ensemble_TTA,benign,0.9900054931639115,0.9666988662357178,0.9355441842147849,0.9392412566677145,0.9958102021567028
ensemble_TTA,benign,0.9948577880857857,0.9575513288815247,0.9185596906696023,0.9857365145202652,0.9309331373966914
ensemble_TTA,malignant,0.9778442382811008,0.8312412831231621,0.7112171837694685,0.759074506472598,0.9185717955280798
ensemble_TTA,malignant,0.9200134277342347,0.8899756527577681,0.8017622811326999,0.9819369181598898,0.8137642497981753
ensemble_TTA,benign,0.9955749511717231,0.9463955637690455,0.898245614031936,0.9667673715975575,0.9268645908728209
ensemble_TTA,malignant,0.9817047119139127,0.9440999580395617,0.894118685975897,0.9686214483870959,0.9207893779547828
ensemble_TTA,normal,1.0,1.0,1.0,1.0,1.0
ensemble_TTA,benign,0.9920196533201612,0.9464633022817621,0.8983676642034621,0.9064705882335168,0.9901477832491109
ensemble_TTA,benign,0.9974517822264104,0.8954289292367225,0.810657596362691,0.9383202099614394,0.8562874251394457
ensemble_TTA,malignant,0.9850311279295373,0.9618273084552076,0.9264617691147478,0.9579877528866304,0.9656977652750697
ensemble_TTA,benign,0.8146514892576883,0.5589164457676172,0.38784457995243266,0.3884710514358748,0.995859213249229
ensemble_TTA,malignant,0.9428710937498561,0.7923000110946453,0.6560404225993054,0.65724804417795,0.997207093979895
ensemble_TTA,benign,0.9169006347654851,0.0,0.0,0.0,0.0
ensemble_TTA,normal,0.9708099365232894,0.0,0.0,0.0,0.0
ensemble_TTA,benign,0.9891967773435991,0.9414004303915399,0.8892885066444265,0.9339793069454196,0.9489404305006692
ensemble_TTA,benign,0.9260559082029838,0.8711992345309189,0.7717918530723937,0.9730451819741298,0.7886530965782259
ensemble_TTA,benign,0.9991455078123476,0.957446808503363,0.9183673469253882,0.9347181008763394,0.981308411199668
ensemble_TTA,malignant,0.9015960693357999,0.0,0.0,0.0,0.0
ensemble_TTA,benign,0.9133453369139232,0.7120620595240521,0.5528698527670632,0.5555819289496355,0.9912478825508311
ensemble_TTA,benign,0.6923675537108319,0.0,0.0,0.0,0.0
ensemble_TTA,benign,0.9665679931639151,0.9586439910151271,0.920572775058575,0.951335556137957,0.9660655862432602
ensemble_TTA,normal,1.0,1.0,1.0,1.0,1.0
ensemble_TTA,benign,0.9973144531248479,0.9395604395572131,0.8860103626885621,0.895287958109324,0.9884393063512397
ensemble_TTA,malignant,0.9591674804686037,0.908374991439804,0.8321309829992898,0.8727547864985375,0.9470264867559455
ensemble_TTA,malignant,0.927688598632671,0.8753845749294288,0.7783857089409004,0.9716870986567591,0.7964495908891351
ensemble_TTA,benign,0.9962615966795355,0.9157206742314561,0.8445431472027631,0.849936143034164,0.9925428784415172
ensemble_TTA,malignant,0.9707031249998519,0.9298143003359666,0.8688345402371438,0.9597041955923937,0.9017300056715104
ensemble_TTA,benign,0.9982452392576602,0.9166062363965439,0.8460508701359297,0.9028571428442449,0.9307805596328309
ensemble_TTA,malignant,0.9576263427732914,0.8902501679639212,0.8022079772074058,0.8426604818189116,0.9435369020684061
ensemble_TTA,normal,0.9523773193357922,0.0,0.0,0.0,0.0
ensemble_TTA,benign,0.9918518066404737,0.9308827336255101,0.8707021791746472,0.9145473041685795,0.9478123352637117
ensemble_TTA,benign,0.9938812255857858,0.9582856548414039,0.919912123025924,0.9413447782527257,0.9758474576250512
ensemble_TTA,benign,0.9983062744139102,0.9401617250623172,0.8870803662168151,0.9237288135495367,0.9571899011969572
ensemble_TTA,malignant,0.9879608154295368,0.7660836050970469,0.6208553579979776,0.9176136363571193,0.6575063613198092
ensemble_TTA,normal,1.0,1.0,1.0,1.0,1.0
ensemble_TTA,benign,0.9992828369139101,0.9262166404878145,0.8625730993899833,0.8651026392708181,0.996621621587952
ensemble_TTA,malignant,0.8970794677733006,0.7757869893292637,0.6337026175732412,0.9731465265607763,0.6449812071630306
ensemble_TTA,normal,1.0,1.0,1.0,1.0,1.0
ensemble_TTA,normal,1.0,1.0,1.0,1.0,1.0
ensemble_TTA,benign,0.9987487792967227,0.9356357927713059,0.8790560471846747,0.8869047618915639,0.9900332225749163
ensemble_TTA,normal,0.9959716796873481,0.0,0.0,0.0,0.0
ensemble_TTA,benign,0.9987487792967227,0.9310924369669656,0.8710691823762411,0.900813008115434,0.9634782608528091
ensemble_TTA,malignant,0.9497680664061051,0.8884823848235472,0.7993417042540537,0.9371159068165377,0.8446476877490373
ensemble_TTA,benign,0.9797515869139131,0.893009755703545,0.8067006554977324,0.9007807417031543,0.8853717026364742
ensemble_TTA,normal,1.0,1.0,1.0,1.0,1.0
ensemble_TTA,normal,0.9939727783201608,0.0,0.0,0.0,0.0
ensemble_TTA,malignant,0.9266967773436087,0.8004154549228083,0.6672438872337277,0.9628185907036853,0.6848915748306541
ensemble_TTA,malignant,0.9933776855467235,0.9284536762266263,0.8664615384588724,0.9324503311227402,0.9244911359129203
ensemble_TTA,benign,0.9972839355467229,0.9378057302552837,0.8828947368362968,0.9319444444379726,0.9437412095573577
ensemble_TTA,malignant,0.9259948730467338,0.5623533658179368,0.39116244037108816,0.9996791786942584,0.39121155053309326
ensemble_TTA,normal,1.0,1.0,1.0,1.0,1.0
ensemble_TTA,normal,1.0,1.0,1.0,1.0,1.0
ensemble_TTA,benign,0.9413452148436064,0.9350434283008998,0.8780108533525188,0.9292959828023212,0.9408624090318504
ensemble_TTA,benign,0.9988098144529727,0.9612711022792391,0.9254302103162005,0.9536945812713922,0.9689689689592695
ensemble_TTA,malignant,0.9446868896482934,0.7944661790549444,0.6590160850337136,0.8196069255956718,0.7708218725923964
ensemble_TTA,benign,0.9976501464842228,0.9104651162737765,0.8356456776858522,0.9073001158643418,0.9136522753685689
ensemble_TTA,benign,0.9939727783201608,0.9731566428807521,0.9477167438769719,0.9608158883508309,0.9858185322855765
ensemble_TTA,benign,0.9057159423826744,0.7628842242600395,0.616663564736884,0.96317829457271,0.6315521951835367
ensemble_TTA,benign,0.9603576660154785,0.0,0.0,0.0,0.0
ensemble_TTA,malignant,0.9789123535154757,0.9515631571565429,0.9076017918025622,0.9744454812999968,0.9297308403527637
ensemble_TTA,benign,0.9959869384764106,0.9633551623227485,0.9293010752663191,0.9626844889975977,0.9640267707725487
ensemble_TTA,benign,0.9788055419920382,0.8372964741702736,0.7201289542600844,0.9385504201656025,0.7557623176131196
ensemble_TTA,normal,1.0,1.0,1.0,1.0,1.0
ensemble_TTA,benign,0.9916381835935987,0.9598652409543285,0.9228277707352164,0.9312206906338906,0.9903279431751696
ensemble_TTA,normal,1.0,1.0,1.0,1.0,1.0
ensemble_TTA,malignant,0.8853302001951775,0.5426884926668638,0.3723901787202502,0.6985743380844452,0.4436815920393595
ensemble_TTA,normal,0.9891815185545366,0.0,0.0,0.0,0.0
ensemble_TTA,benign,0.9958038330076606,0.9381327334062134,0.883474576267443,0.8960034378990288,0.9844192634514428
ensemble_TTA,benign,0.9991607666014101,0.9273447820220958,0.8645320196831396,0.897698209695711,0.9590163934164203
ensemble_TTA,benign,0.8373565673826847,0.6545902329950243,0.48653596030613877,0.9544509544500525,0.498101297035805
ensemble_TTA,normal,1.0,1.0,1.0,1.0,1.0
ensemble_TTA,malignant,0.967239379882665,0.8521451690649045,0.742380609550345,0.9161853990805329,0.7964727085468635
ensemble_TTA,malignant,0.9414062499998564,0.9104101535157225,0.835553081238133,0.9435632072729744,0.8795077533353409
ensemble_TTA,benign,0.8036956787108149,0.6232465516734639,0.4526929294646249,0.9674515865069847,0.45969414204231046
ensemble_TTA,benign,0.9892120361326616,0.43575418994065646,0.278571428568586,0.8425925925665866,0.29386437028747187
ensemble_TTA,malignant,0.9825134277342251,0.9299767811310461,0.8691183188660699,0.9390424481725826,0.9210844831748715
ensemble_TTA,benign,0.993179321288911,0.9386073341561069,0.8843167701840469,0.928532608693129,0.9489030824744547
ensemble_TTA,malignant,0.8090515136717515,0.5176905881444085,0.34924596983861195,0.3544811569722609,0.9594285714272008
ensemble_TTA,benign,0.9621887207029782,0.7429460580905155,0.5910216207285178,0.9408828166028879,0.6138155639344981
ensemble_TTA,benign,0.9862365722654746,0.8723825693253079,0.7736511919679457,0.9688874921402613,0.7933607822933779
ensemble_TTA,benign,0.9959259033201606,0.8754083061088409,0.778423236508063,0.9027911453233611,0.8496376811517243
ensemble_TTA,malignant,0.9317779541014204,0.825766727718785,0.7032390813748153,0.9400230680499156,0.7362751911044223
ensemble_TTA,benign,0.9271850585936086,0.8924740874265678,0.8058268229163388,0.9713556994305614,0.8254418139376353
ensemble_TTA,benign,0.7518310546873853,0.3578141040826195,0.21788891560460788,0.22203165580427203,0.9211221793028642
ensemble_TTA,malignant,0.9554595947264167,0.8381659921268292,0.7214163008200788,0.7254318618035264,0.9923854535893496
ensemble_TTA,normal,1.0,1.0,1.0,1.0,1.0
ensemble_TTA,benign,0.9983673095701602,0.9158143194263115,0.8447024673317169,0.9136577707862849,0.9179810725407258
ensemble_TTA,malignant,0.9959106445310981,0.901179940999627,0.8201342281824152,0.869750889673525,0.9349655700004976
ensemble_TTA,benign,0.9977874755857853,0.8995148995086659,0.8173803526345418,0.8309859154823177,0.9803625377495413
ensemble_TTA,malignant,0.9815368652342252,0.8448717948707117,0.7314095449484319,0.7531428571411357,0.9620437956176291
ensemble_TTA,benign,0.9930267333982861,0.8982409262950385,0.8152789005625899,0.8179237631759209,0.9960493827111306
ensemble_TTA,benign,0.9917755126951612,0.9348640483372388,0.8776945768076295,0.9473426402132076,0.9227099236619211
ensemble_TTA,normal,1.0,1.0,1.0,1.0,1.0
ensemble_TTA,benign,0.9944152832029733,0.9440879926658355,0.8940972222196352,0.9369314736175351,0.9513546798000266
ensemble_TTA,normal,1.0,1.0,1.0,1.0,1.0
ensemble_TTA,malignant,0.974136352538914,0.8587146786689516,0.7524101665194969,0.8599332220352923,0.8574995838174505
ensemble_TTA,benign,0.996520996093598,0.960730279020047,0.9244282399704196,0.9343383584558314,0.9886565047820325
ensemble_TTA,malignant,0.9117736816404859,0.2668019274660578,0.15393620134598487,0.15425219941326357,0.986866791735583
ensemble_TTA,normal,1.0,1.0,1.0,1.0,1.0
ensemble_TTA,benign,0.9957733154295356,0.9283311772291635,0.866248189276358,0.9614147909916323,0.8974487243576916
ensemble_TTA,malignant,0.9928741455076611,0.9682291312327584,0.9384148753779,0.9422669491512947,0.9956625157394772
ensemble_TTA,normal,1.0,1.0,1.0,1.0,1.0
ensemble_TTA,malignant,0.96720886230454,0.9106407750838243,0.8359416749363798,0.9031672715268036,0.9182389937099218
ensemble_TTA,benign,0.9926300048826611,0.5759438103549084,0.40443896423669,0.6919831223482704,0.49323308269934985
ensemble_TTA,benign,0.9949493408201607,0.9666297005736801,0.9354146341445163,0.9418467583478549,0.9927521225906135
ensemble_TTA,benign,0.9611816406248533,0.8919745222926149,0.8050126465848049,0.9131455399053093,0.8717629482064477
ensemble_TTA,malignant,0.934799194335795,0.7660040523515875,0.620750865358462,0.6573926120869843,0.9176069273144613
ensemble_TTA,normal,1.0,1.0,1.0,1.0,1.0
ensemble_TTA,benign,0.9907989501951614,0.9416545718423399,0.8897421832128548,0.9097027481755288,0.9759326113097153
ensemble_TTA,malignant,0.9253692626951714,0.816507221909279,0.6899131427117923,0.6922832241232315,0.9950621799551983
ensemble_TTA,benign,0.9967193603514105,0.9609871166739957,0.9249039469056064,0.9771217712141066,0.9453766511926264
ensemble_TTA,benign,0.9983062744139102,0.962077212159337,0.9269256089471566,0.9676975944950674,0.9565217391239368
